YazanMahfooz,Yazanmahfooz9@gmail.com,dac04ba208f8241afea4c75105b2e5bee54b539b4ae0fe87d88c39caa9198375,ADMIN,photos/1.jpg,1
loulia,loulia@gmail.com,a67259de1352d8d1d045ae23404634666e320fc9c40987cbec83aa4ef0a8732c,USER,photos/2.jpg,2
Lujain,Lujain@gmail.com,5ec69e5a3eea1bb2350e2dbfc48091093341382f2fac2386401cd65ab6fb8866,USER,photos/3.jpg,3
Yazanmahfoooz,Yazanmahfoooz@gmail.com,3290be0328371c01b763913e66c2c7ace99caa82bf672806d7d83766e93e0dc1,USER,photos/4.jpg,4
Remy,Remy@gmail.com,d14e1b8064342598efe75d21f14fb061925b090695d9e32ad46f614359f16f66,ADMIN,photos/5.jpg,5
Linguini,Linguini@gmail.com,961ee16a40abeabb69ec0057fb95542def3bed5ab51634f5b6d00398f112a2dc,EMPLOYEE,photos/6.jpg,6
Colette,Colette@gmail.com,ff7992fab502dd414ab67f58b14b817eba03338fc55578f9b68f499c8c679e9e,EMPLOYEE,photos/7.jpg,7
Skinner,Skinner@gmail.com,5fcaf8ba47270e15ae1aa2f59a6191b33a0fe48a818395ec8cd8f7512cbd9526,EMPLOYEE,photos/8.jpg,8
Anton Ego,AntonEgo@gmail.com,ca9b07d51526e5a10023783642f8928a120c9b5b4a45eccfb7c3a618454593a6,USER,photos/9.jpg,9
Emile,Emile@gmail.com,42c1dc6846f6ef7e3acf465907465b1ff0b30a9d3b993aad411762228507a39e,USER,photos/10.jpg,10
Auguste Gusteau,AugusteGusteau@gmail.com,04a17a0002deb632a0cfaea15776cdcd0df5a007bc9f6c6f498098077dfd7d39,ADMIN,photos/11.jpg,11
